-- phpMyAdmin SQL Dump
-- version 4.2.11
-- http://www.phpmyadmin.net
--
-- Host: 127.0.0.1
-- Erstellungszeit: 20. Mai 2015 um 22:10
-- Server Version: 5.6.21
-- PHP-Version: 5.6.3

SET SQL_MODE = "NO_AUTO_VALUE_ON_ZERO";
SET time_zone = "+00:00";


/*!40101 SET @OLD_CHARACTER_SET_CLIENT=@@CHARACTER_SET_CLIENT */;
/*!40101 SET @OLD_CHARACTER_SET_RESULTS=@@CHARACTER_SET_RESULTS */;
/*!40101 SET @OLD_COLLATION_CONNECTION=@@COLLATION_CONNECTION */;
/*!40101 SET NAMES utf8 */;

--
-- Datenbank: `verbalbeurteilungen`
--

-- --------------------------------------------------------

--
-- Tabellenstruktur für Tabelle `vb_fachzuweisung`
--

CREATE TABLE IF NOT EXISTS `vb_fachzuweisung` (
`FZ_Row` int(11) NOT NULL,
  `FZ_Klasse` text NOT NULL,
  `FZ_Fach` text NOT NULL,
  `FZ_Lehrer` int(11) NOT NULL
) ENGINE=InnoDB AUTO_INCREMENT=105 DEFAULT CHARSET=latin1;

--
-- Daten für Tabelle `vb_fachzuweisung`
--

INSERT INTO `vb_fachzuweisung` (`FZ_Row`, `FZ_Klasse`, `FZ_Fach`, `FZ_Lehrer`) VALUES
(1, '5a', '1', 1),
(2, '5a', '2', 8),
(3, '5a', '3', 9),
(4, '5a', '4', 5),
(5, '5a', '5', 3),
(6, '5a', '6', 12),
(7, '5a', '7', 12),
(8, '5a', '8', 6),
(9, '5a', '9', 10),
(10, '5a', '10', 4),
(11, '5a', 'religion2', 10),
(12, '5a', 'religion1', 1),
(13, '5a', '12', 5),
(14, '5b', '1', 1),
(15, '5b', '2', 8),
(16, '5b', '3', 13),
(17, '5b', '4', 5),
(18, '5b', '5', 3),
(19, '5b', '6', 11),
(20, '5b', '7', 12),
(21, '5b', '8', 9),
(22, '5b', '9', 10),
(23, '5b', '10', 4),
(24, '5b', 'religion2', 2),
(25, '5b', 'religion1', 7),
(26, '5b', '12', 5),
(27, '5c', '1', 11),
(28, '5c', '2', 3),
(29, '5c', '3', 13),
(30, '5c', '4', 5),
(31, '5c', '5', 3),
(32, '5c', '6', 11),
(33, '5c', '7', 12),
(34, '5c', '8', 6),
(35, '5c', '9', 10),
(36, '5c', '10', 4),
(37, '5c', 'religion2', 2),
(38, '5c', 'religion1', 1),
(39, '5c', '12', 3),
(40, '5d', '1', 1),
(41, '5d', '2', 3),
(42, '5d', '3', 9),
(43, '5d', '4', 5),
(44, '5d', '5', 3),
(45, '5d', '6', 12),
(46, '5d', '7', 12),
(47, '5d', '8', 6),
(48, '5d', '9', 10),
(49, '5d', '10', 4),
(50, '5d', 'religion2', 10),
(51, '5d', 'religion1', 1),
(52, '5d', '12', 3),
(53, '6a', '1', 11),
(54, '6a', '2', 3),
(55, '6a', '3', 13),
(56, '6a', '4', 5),
(57, '6a', '5', 3),
(58, '6a', '6', 12),
(59, '6a', '7', 12),
(60, '6a', '8', 9),
(61, '6a', '9', 10),
(62, '6a', '10', 4),
(63, '6a', 'religion2', 2),
(64, '6a', 'religion1', 7),
(65, '6a', '12', 5),
(66, '6b', '1', 1),
(67, '6b', '2', 8),
(68, '6b', '3', 9),
(69, '6b', '4', 5),
(70, '6b', '5', 3),
(71, '6b', '6', 11),
(72, '6b', '7', 12),
(73, '6b', '8', 6),
(74, '6b', '9', 10),
(75, '6b', '10', 4),
(76, '6b', 'religion2', 2),
(77, '6b', 'religion1', 7),
(78, '6b', '12', 3),
(79, '6c', '1', 1),
(80, '6c', '2', 8),
(81, '6c', '3', 9),
(82, '6c', '4', 5),
(83, '6c', '5', 3),
(84, '6c', '6', 12),
(85, '6c', '7', 12),
(86, '6c', '8', 6),
(87, '6c', '9', 10),
(88, '6c', '10', 4),
(89, '6c', 'religion2', 2),
(90, '6c', 'religion1', 7),
(91, '6c', '12', 3),
(92, '6d', '1', 1),
(93, '6d', '2', 3),
(94, '6d', '3', 13),
(95, '6d', '4', 5),
(96, '6d', '5', 3),
(97, '6d', '6', 11),
(98, '6d', '7', 12),
(99, '6d', '8', 9),
(100, '6d', '9', 10),
(101, '6d', '10', 4),
(102, '6d', 'religion2', 10),
(103, '6d', 'religion1', 71),
(104, '6d', '12', 5);

-- --------------------------------------------------------

--
-- Tabellenstruktur für Tabelle `vb_lehrer`
--

CREATE TABLE IF NOT EXISTS `vb_lehrer` (
`L_ID` int(11) NOT NULL,
  `L_Vorname` text NOT NULL,
  `L_Name` text NOT NULL,
  `L_Kuerzel` text NOT NULL,
  `L_Admin` int(11) NOT NULL,
  `L_Klassenlehrer` text NOT NULL
) ENGINE=InnoDB AUTO_INCREMENT=14 DEFAULT CHARSET=latin1;

--
-- Daten für Tabelle `vb_lehrer`
--

INSERT INTO `vb_lehrer` (`L_ID`, `L_Vorname`, `L_Name`, `L_Kuerzel`, `L_Admin`, `L_Klassenlehrer`) VALUES
(1, 'Kai', 'M&uuml;ller', 'ML', 0, ''),
(2, 'Roland', 'Simon', 'SI', 1, '5a'),
(3, 'Christian', 'Dechert', 'DE', 0, '5c'),
(4, 'Matthias', 'Jann', 'JA', 0, '5b'),
(5, 'Bernhard', 'Schlick', 'SL', 0, ''),
(6, 'Monika', 'Gotthard', 'GH', 0, ''),
(7, 'Susanne', 'Huber', 'HU', 0, ''),
(8, 'Wilhelm ', 'Maurer', 'MR', 0, ''),
(9, 'Silvia', 'Gruber', 'GR', 1, '6a'),
(10, 'Harald', 'Wagner', 'WG', 0, ''),
(11, 'Luisa', 'Bruckner', 'BK', 0, ''),
(12, 'Winfried', 'Locher', 'LO', 0, ''),
(13, 'Andreas', 'Rauth', 'RA', 0, '');

-- --------------------------------------------------------

--
-- Tabellenstruktur für Tabelle `vb_logindata`
--

CREATE TABLE IF NOT EXISTS `vb_logindata` (
`Row` int(11) NOT NULL,
  `L_ID` int(11) NOT NULL,
  `L_PW` text NOT NULL
) ENGINE=InnoDB AUTO_INCREMENT=14 DEFAULT CHARSET=latin1;

--
-- Daten für Tabelle `vb_logindata`
--

INSERT INTO `vb_logindata` (`Row`, `L_ID`, `L_PW`) VALUES
(1, 1, '6192b6edcf461fb0a5e875b857daf273'),
(2, 2, '4ef56ad09e77a8ad1110260c8ad3a0fa'),
(3, 3, 'db6017bd1f27118d44083a172a82409f'),
(4, 4, '5a747a35744e5f50f55d0bac09a43d8d'),
(5, 5, '1c94886a7e4310f7bc46be2be2ac3c0c'),
(6, 6, 'f6ebeddf69768d741ff3f057448bedf1'),
(7, 7, '6c34a18b847eeb1f3ce2121e17163ab2'),
(8, 8, 'a9d7f95d0590dda0827f0bdb552fbf77'),
(9, 9, '68c8f7c3f433b3682d1363312fbacec6'),
(10, 10, '95af8bd03b651b7d3d1c376a442f20b4'),
(11, 11, '95af8bd03b651b7d3d1c376a442f20b4'),
(12, 12, 'ebf3321756ff0f23e53ee11fc4119dd5'),
(13, 13, 'cac58b5234e1f98b4c956998b8ac2e26');

-- --------------------------------------------------------

--
-- Tabellenstruktur für Tabelle `vb_schueler`
--

CREATE TABLE IF NOT EXISTS `vb_schueler` (
`S_ID` int(11) NOT NULL,
  `S_prename` text CHARACTER SET latin1 NOT NULL,
  `S_name` text CHARACTER SET latin1 NOT NULL,
  `S_class` text CHARACTER SET latin1 NOT NULL,
  `S_Konfession` text CHARACTER SET latin1 NOT NULL,
  `S_marks` text COLLATE utf8_unicode_ci NOT NULL
) ENGINE=InnoDB AUTO_INCREMENT=141 DEFAULT CHARSET=utf8 COLLATE=utf8_unicode_ci;

--
-- Daten für Tabelle `vb_schueler`
--

INSERT INTO `vb_schueler` (`S_ID`, `S_prename`, `S_name`, `S_class`, `S_Konfession`, `S_marks`) VALUES
(1, 'Ute', 'Himmel', '5a', 'religion2', '12342134;12342134;12342134;12342134;12342134;32342134;12342134;12342134;12342134;12342134;12342134;12342134;12342134;'),
(2, 'Antje', 'Lehmann', '5a', 'religion2', '12342134;12342134;12342134;12342134;12342134;12342134;12342134;12342134;12342134;12342134;12342134;12342134;12342134'),
(3, 'Mandy', 'Fink', '5a', 'religion2', '12342134;12342134;12342134;12342134;12342134;12342134;12342134;12342134;12342134;12342134;12342134;12342134;12342134'),
(4, 'Frank', 'Finkel', '5a', 'religion1', '12342134;12342134;12342134;12342134;12342134;12342134;12342134;12342134;12342134;12342134;12342134;12342134;12342134'),
(5, 'Martina', 'Bach', '5a', 'religion1', '12342134;12342134;12342134;12342134;12342134;12342134;12342134;12342134;12342134;12342134;12342134;12342134;12342134'),
(6, 'Uwe', 'Hoover', '5a', 'religion3', '12342134;12342134;12342134;12342134;12342134;12342134;12342134;12342134;12342134;12342134;12342134;12342134;12342134'),
(7, 'Matthias', 'Kirsch', '5a', 'religion1', '12342134;12342134;12342134;12342134;12342134;12342134;12342134;12342134;12342134;12342134;12342134;12342134;12342134'),
(8, 'Marko', 'Klein', '5a', 'religion1', '12342134;12342134;12342134;12342134;12342134;12342134;12342134;12342134;12342134;12342134;12342134;12342134;12342134'),
(9, 'Birgit', 'Shuster', '5a', 'religion1', '12342134;12342134;12342134;12342134;12342134;12342134;12342134;12342134;12342134;12342134;12342134;12342134;12342134'),
(10, 'Andrea', 'Ackermann', '5a', 'religion2', '12342134;12342134;12342134;12342134;12342134;12342134;12342134;12342134;12342134;12342134;12342134;12342134;12342134'),
(11, 'Claudia', 'Abend', '5a', 'religion2', '12342134;12342134;12342134;12342134;12342134;12342134;12342134;12342134;12342134;12342134;12342134;12342134;12342134'),
(12, 'Annett', 'Krause', '5a', 'religion2', '12342134;12342134;12342134;12342134;12342134;12342134;12342134;12342134;12342134;12342134;12342134;12342134;12342134'),
(13, 'Manuela', 'Gruen', '5a', 'religion3', '12342134;12342134;12342134;12342134;12342134;12342134;12342134;12342134;12342134;12342134;12342134;12342134;12342134'),
(14, 'Ulrike', 'Bayer', '5a', 'religion3', '12342134;12342134;12342134;12342134;12342134;12342134;12342134;12342134;12342134;12342134;12342134;12342134;12342134'),
(15, 'Tobias ', 'Traugott', '5a', 'religion3', '12342134;12342134;12342134;12342134;12342134;12342134;12342134;12342134;12342134;12342134;12342134;12342134;12342134'),
(16, 'Marie', 'Gerstner', '5a', 'religion2', '12342134;12342134;12342134;12342134;12342134;12342134;12342134;12342134;12342134;12342134;12342134;12342134;12342134'),
(17, 'Sophie', 'Nussbaum', '5a', 'religion2', '12342134;12342134;12342134;12342134;12342134;12342134;12342134;12342134;12342134;12342134;12342134;12342134;12342134'),
(18, 'Benjamin', 'Schulz', '5a', 'religion2', '12342134;12342134;12342134;12342134;12342134;12342134;12342134;12342134;12342134;12342134;12342134;12342134;12342134'),
(19, 'Bernd', 'Baader', '5a', 'religion2', '12342134;12342134;12342134;12342134;12342134;12342134;12342134;12342134;12342134;12342134;12342134;12342134;12342134'),
(20, 'Anja', 'Fuchs', '5a', 'religion1', '12342134;12342134;12342134;12342134;12342134;12342134;12342134;12342134;12342134;12342134;12342134;12342134;12342134'),
(21, 'Anja', 'Drechsler', '5a', 'religion1', '12342134;12342134;12342134;12342134;12342134;12342134;12342134;12342134;12342134;12342134;12342134;12342134;12342134'),
(22, 'Antje', 'Freytag', '5a', 'religion1', '12342134;12342134;12342134;12342134;12342134;12342134;12342134;12342134;12342134;12342134;12342134;12342134;12342134'),
(23, 'Matthias ', 'Sankt', '5b', 'religion2', '12342134;12342134;12342134;12342134;12342134;12342134;12342134;12342134;12342134;12342134;12342134;12342134;12342134'),
(24, 'Mario', 'Dresdner', '5b', 'religion2', '12342134;12342134;12342134;12342134;12342134;12342134;12342134;12342134;12342134;12342134;12342134;12342134;12342134'),
(25, 'Monika', 'Osterhagen', '5b', 'religion2', '12342134;12342134;12342134;12342134;12342134;12342134;12342134;12342134;12342134;12342134;12342134;12342134;12342134'),
(26, 'Gabriele', 'Faust', '5b', 'religion2', '12342134;12342134;12342134;12342134;12342134;12342134;12342134;12342134;12342134;12342134;12342134;12342134;12342134'),
(27, 'Annett', 'Zimmermann', '5b', 'religion2', '12342134;12342134;12342134;12342134;12342134;12342134;12342134;12342134;12342134;12342134;12342134;12342134;12342134'),
(28, 'Leon', 'Eggers', '5b', 'religion2', '12342134;12342134;12342134;12342134;12342134;12342134;12342134;12342134;12342134;12342134;12342134;12342134;12342134'),
(29, 'Wolfgang', 'Kastner', '5b', 'religion2', '12342134;12342134;12342134;12342134;12342134;12342134;12342134;12342134;12342134;12342134;12342134;12342134;12342134'),
(30, 'Niklas ', 'Schweitzer', '5b', 'religion2', '12342134;12342134;12342134;12342134;12342134;12342134;12342134;12342134;12342134;12342134;12123134;12342134;12342134;;;'),
(31, 'Katharina', 'Schröder', '5b', 'religion2', '12342134;12342134;12342134;12342134;12342134;12342134;12342134;12342134;12342134;12342134;12342134;12342134;12342134'),
(32, 'Eric', 'Fischer', '5b', 'religion2', '12342134;12342134;12342134;12342134;12342134;12342134;12342134;12342134;12342134;12342134;12342134;12342134;12342134'),
(33, 'Dieter', 'Glockner', '5b', 'religion2', '12342134;12342134;12342134;12342134;12342134;12342134;12342134;12342134;12342134;12342134;12342134;12342134;12342134'),
(34, 'Silke', 'Ebersbacher', '5b', 'religion1', '12342134;12342134;12342134;12342134;12342134;12342134;12342134;12342134;12342134;12342134;12342134;12342134;12342134'),
(35, 'Stefan', 'Lange', '5b', 'religion1', '12342134;12342134;12342134;12342134;12342134;12342134;12342134;12342134;12342134;12342134;12342134;12342134;12342134'),
(36, 'Phillip', 'Reinhardt', '5b', 'religion1', '12342134;12342134;12342134;12342134;12342134;12342134;12342134;12342134;12342134;12342134;12342134;12342134;12342134'),
(37, 'Sven', 'Bach', '5b', 'religion1', '12342134;12342134;12342134;12342134;12342134;12342134;12342134;12342134;12342134;12342134;12342134;12342134;12342134'),
(38, 'Michelle', 'Schröder', '5b', 'religion1', '12342134;12342134;12342134;12342134;12342134;12342134;12342134;12342134;12342134;12342134;12342134;12342134;12342134'),
(39, 'Stephan', 'Krüger', '5b', 'religion1', '12342134;12342134;12342134;12342134;12342134;12342134;12342134;12342134;12342134;12342134;12342134;12342134;12342134'),
(40, 'Thorsten', 'Rothschild', '5b', 'religion1', '12342134;12342134;12342134;12342134;12342134;12342134;12342134;12342134;12342134;12342134;12342134;12342134;12342134'),
(41, 'Frank', 'Baum', '5b', 'religion3', '12342134;12342134;12342134;12342134;12342134;12342134;12342134;12342134;12342134;12342134;12342134;12342134;12342134'),
(42, 'Marcel', 'Hirsch', '5b', 'religion3', '12342134;12342134;12342134;12342134;12342134;12342134;12342134;12342134;12342134;12342134;12342134;12342134;12342134'),
(43, 'David', 'Bach', '5b', 'religion3', '12342134;12342134;12342134;12342134;12342134;12342134;12342134;12342134;12342134;12342134;12342134;12342134;12342134'),
(44, 'Vanessa', 'Bohm', '5b', 'religion3', '12342134;12342134;12342134;12342134;12342134;12342134;12342134;12342134;12342134;12342134;12342134;12342134;12342134'),
(45, 'Erik', 'Maurer', '5b', 'religion1', '12342134;12342134;12342134;12342134;12342134;12342134;12342134;12342134;12342134;12342134;12342134;12342134;12342134'),
(46, 'Martin', 'Zweig', '5c', 'religion2', '12342134;12342134;12342134;12342134;12342134;12342134;12342134;12342134;12342134;12342134;12342134;12342134;12342134'),
(47, 'Silke', 'Schuhmacher', '5c', 'religion1', '12342134;12342134;12342134;12342134;12342134;12342134;12342134;12342134;12342134;12342134;12342134;12342134;12342134'),
(48, 'Lukas', 'Duerr', '5c', 'religion2', '12342134;12342134;12342134;12342134;12342134;12342134;12342134;12342134;12342134;12342134;12342134;12342134;12342134'),
(49, 'Diana', 'Mutschler', '5c', 'religion1', '12342134;12342134;12342134;12342134;12342134;12342134;12342134;12342134;12342134;12342134;12342134;12342134;12342134'),
(50, 'Felix', 'Kuhn', '5c', 'religion1', '12342134;12342134;12342134;12342134;12342134;12342134;12342134;12342134;12342134;12342134;12342134;12342134;12342134'),
(51, 'Marcello', 'Grunewald', '5c', 'religion2', '12342134;12342134;12342134;12342134;12342134;12342134;12342134;12342134;12342134;12342134;12342134;12342134;12342134'),
(52, 'Kathrin', 'Müller', '5c', 'religion2', '12342134;12342134;12342134;12342134;12342134;12342134;12342134;12342134;12342134;12342134;12342134;12342134;12342134'),
(53, 'Michael', 'Fries', '5c', 'religion1', '12342134;12342134;12342134;12342134;12342134;12342134;12342134;12342134;12342134;12342134;12342134;12342134;12342134'),
(54, 'Cathrine', 'Pollmann', '5c', 'religion3', '12342134;12342134;12342134;12342134;12342134;12342134;12342134;12342134;12342134;12342134;12342134;12342134;12342134'),
(55, 'Margreta', 'Heinmeyer', '5c', 'religion3', '12342134;12342134;12342134;12342134;12342134;12342134;12342134;12342134;12342134;12342134;12342134;12342134;12342134'),
(56, 'Hannibal', 'Eversberg', '5c', 'religion3', '12342134;12342134;12342134;12342134;12342134;12342134;12342134;12342134;12342134;12342134;12342134;12342134;12342134'),
(57, 'Simon ', 'Biddinger', '5c', 'religion3', '12342134;12342134;12342134;12342134;12342134;12342134;12342134;12342134;12342134;12342134;12342134;12342134;12342134'),
(58, 'Alma', 'Reinbach', '5c', 'religion1', '12342134;12342134;12342134;12342134;12342134;12342134;12342134;12342134;12342134;12342134;12342134;12342134;12342134'),
(59, 'Mauro', 'Wilhelmi', '5c', 'religion2', '12342134;12342134;12342134;12342134;12342134;12342134;12342134;12342134;12342134;12342134;12342134;12342134;12342134'),
(60, 'Dorotea', 'Tappmeyer', '5c', 'religion1', '12342134;12342134;12342134;12342134;12342134;12342134;12342134;12342134;12342134;12342134;12342134;12342134;12342134'),
(61, 'Alfredo', 'Wienbroer', '5c', 'religion2', '12342134;12342134;12342134;12342134;12342134;12342134;12342134;12342134;12342134;12342134;12342134;12342134;12342134'),
(62, 'Damian', 'Inderstroth', '5c', 'religion1', '12342134;12342134;12342134;12342134;12342134;12342134;12342134;12342134;12342134;12342134;12342134;12342134;12342134'),
(63, 'Helena', 'Beringer', '5c', 'religion1', '12342134;12342134;12342134;12342134;12342134;12342134;12342134;12342134;12342134;12342134;12342134;12342134;12342134'),
(64, 'Ella', 'Schmiedt', '5c', 'religion2', '12342134;12342134;12342134;12342134;12342134;12342134;12342134;12342134;12342134;12342134;12342134;12342134;12342134'),
(65, 'Amalia', 'Nienherr', '5c', 'religion2', '12342134;12342134;12342134;12342134;12342134;12342134;12342134;12342134;12342134;12342134;12342134;12342134;12342134'),
(66, 'Hendrik', 'Andermann', '5c', 'religion1', '12342134;12342134;12342134;12342134;12342134;12342134;12342134;12342134;12342134;12342134;12342134;12342134;12342134'),
(67, 'Hans', 'Fergland', '5c', 'religion2', '12342134;12342134;12342134;12342134;12342134;12342134;12342134;12342134;12342134;12342134;12342134;12342134;12342134'),
(68, 'Leonhard', 'Steputis', '5c', 'religion1', '12342134;12342134;12342134;12342134;12342134;12342134;12342134;12342134;12342134;12342134;12342134;12342134;12342134'),
(69, 'Egmund', 'Spielman', '5d', 'religion2', '12342134;12342134;12342134;12342134;12342134;12342134;12342134;12342134;12342134;12342134;12342134;12342134;12342134'),
(70, 'Janina', 'Beckmann', '5d', 'religion1', '12342134;12342134;12342134;12342134;12342134;12342134;12342134;12342134;12342134;12342134;12342134;12342134;12342134'),
(71, 'Lidia', 'Schulthe', '5d', 'religion2', '12342134;12342134;12342134;12342134;12342134;12342134;12342134;12342134;12342134;12342134;12342134;12342134;12342134'),
(72, 'Friederike', 'Listberg', '5d', 'religion1', '12342134;12342134;12342134;12342134;12342134;12342134;12342134;12342134;12342134;12342134;12342134;12342134;12342134'),
(73, 'Stephanie', 'Clausing', '5d', 'religion1', '12342134;12342134;12342134;12342134;12342134;12342134;12342134;12342134;12342134;12342134;12342134;12342134;12342134'),
(74, 'Caspar', 'Hinghaus', '5d', 'religion2', '12342134;12342134;12342134;12342134;12342134;12342134;12342134;12342134;12342134;12342134;12342134;12342134;12342134'),
(75, 'Marco', 'Knobloch', '5d', 'religion1', '12342134;12342134;12342134;12342134;12342134;12342134;12342134;12342134;12342134;12342134;12342134;12342134;12342134'),
(76, 'Otto', 'Spellbrink', '5d', 'religion3', '12342134;12342134;12342134;12342134;12342134;12342134;12342134;12342134;12342134;12342134;12342134;12342134;12342134'),
(77, 'Anton', 'Schaubach', '5d', 'religion1', '12342134;12342134;12342134;12342134;12342134;12342134;12342134;12342134;12342134;12342134;12342134;12342134;12342134'),
(78, 'Wiebke', 'Klingenberg', '5d', 'religion2', '12342134;12342134;12342134;12342134;12342134;12342134;12342134;12342134;12342134;12342134;12342134;12342134;12342134'),
(79, 'Romana', 'Mosebach', '5d', 'religion3', '12342134;12342134;12342134;12342134;12342134;12342134;12342134;12342134;12342134;12342134;12342134;12342134;12342134'),
(80, 'Marlena', 'Dickenhorst', '5d', 'religion1', '12342134;12342134;12342134;12342134;12342134;12342134;12342134;12342134;12342134;12342134;12342134;12342134;12342134'),
(81, 'Estelle', 'Lotzenius', '5d', 'religion2', '12342134;12342134;12342134;12342134;12342134;12342134;12342134;12342134;12342134;12342134;12342134;12342134;12342134'),
(82, 'Magdalena', 'Driehaus', '6a', 'religion2', '12342134;12342134;12342134;12342134;12342134;12342134;12342134;12342134;12342134;12342134;12342134;12342134;12342134'),
(83, 'Elena', 'Rosinski', '6a', 'religion1', '12342134;12342134;12342134;12342134;12342134;12342134;12342134;12342134;12342134;12342134;12342134;12342134;12342134'),
(84, 'Ludwig', 'Klingenhoefer', '6a', 'religion2', '12342134;12342134;12342134;12342134;12342134;12342134;12342134;12342134;12342134;12342134;12342134;12342134;12342134'),
(85, 'Stefano', 'Hattesimer', '6a', 'religion1', '12342134;12342134;12342134;12342134;12342134;12342134;12342134;12342134;12342134;12342134;12342134;12342134;12342134'),
(86, 'Ramiro', 'Holzapfel', '6a', 'religion1', '12342134;12342134;12342134;12342134;12342134;12342134;12342134;12342134;12342134;12342134;12342134;12342134;12342134'),
(87, 'David', 'Wiechert', '6a', 'religion2', '12342134;12342134;12342134;12342134;12342134;12342134;12342134;12342134;12342134;12342134;12342134;12342134;12342134'),
(88, 'Johannes', 'Longmore', '6a', 'religion1', '12342134;12342134;12342134;12342134;12342134;12342134;12342134;12342134;12342134;12342134;12342134;12342134;12342134'),
(89, 'Johanna', 'Marquard', '6a', 'religion3', '12342134;12342134;12342134;12342134;12342134;12342134;12342134;12342134;12342134;12342134;12342134;12342134;12342134'),
(90, 'Minna', 'zu Broxten', '6a', 'religion1', '12342134;12342134;12342134;12342134;12342134;12342134;12342134;12342134;12342134;12342134;12342134;12342134;12342134'),
(91, 'Sabina', 'von Turin', '6a', 'religion2', '12342134;12342134;12342134;12342134;12342134;12342134;12342134;12342134;12342134;12342134;12342134;12342134;12342134'),
(92, 'Marie ', 'Schuessler', '6a', 'religion3', '12342134;12342134;12342134;12342134;12342134;12342134;12342134;12342134;12342134;12342134;12342134;12342134;12342134'),
(93, 'Antje', 'Kaessberger', '6a', 'religion1', '12342134;12342134;12342134;12342134;12342134;12342134;12342134;12342134;12342134;12342134;12342134;12342134;12342134'),
(94, 'Jutta', 'Malkmuss', '6a', 'religion2', '12342134;12342134;12342134;12342134;12342134;12342134;12342134;12342134;12342134;12342134;12342134;12342134;12342134'),
(95, 'Ulrike', 'Schendel', '6b', 'religion2', '12342134;12342134;12342134;12342134;12342134;12342134;12342134;12342134;12342134;12342134;12342134;12342134;12342134'),
(96, 'Christina', 'von Botenstein', '6b', 'religion1', '12342134;12342134;12342134;12342134;12342134;12342134;12342134;12342134;12342134;12342134;12342134;12342134;12342134'),
(97, 'Jacoba', 'Hellmich', '6b', 'religion2', '12342134;12342134;12342134;12342134;12342134;12342134;12342134;12342134;12342134;12342134;12342134;12342134;12342134'),
(98, 'Catrine', 'Hurrelmeyer', '6b', 'religion1', '12342134;12342134;12342134;12342134;12342134;12342134;12342134;12342134;12342134;12342134;12342134;12342134;12342134'),
(99, 'Gertrud', 'Gottmann', '6b', 'religion1', '12342134;12342134;12342134;12342134;12342134;12342134;12342134;12342134;12342134;12342134;12342134;12342134;12342134'),
(100, 'Hedewig', 'Buescher', '6b', 'religion2', '12342134;12342134;12342134;12342134;12342134;12342134;12342134;12342134;12342134;12342134;12342134;12342134;12342134'),
(101, 'Matthies', 'Oberberg', '6b', 'religion2', '12342134;12342134;12342134;12342134;12342134;12342134;12342134;12342134;12342134;12342134;12342134;12342134;12342134'),
(102, 'Bartholdus', 'Bielefeldt', '6b', 'religion1', '12342134;12342134;12342134;12342134;12342134;12342134;12342134;12342134;12342134;12342134;12342134;12342134;12342134'),
(103, 'Lars', 'Klattenbach', '6b', 'religion3', '12342134;12342134;12342134;12342134;12342134;12342134;12342134;12342134;12342134;12342134;12342134;12342134;12342134'),
(104, 'Ludwig', 'Schnettler', '6b', 'religion1', '12342134;12342134;12342134;12342134;12342134;12342134;12342134;12342134;12342134;12342134;12342134;12342134;12342134'),
(105, 'Wolff', 'Schmied', '6b', 'religion2', '12342134;12342134;12342134;12342134;12342134;12342134;12342134;12342134;12342134;12342134;12342134;12342134;12342134'),
(106, 'Hans', 'Fritzgerald', '6b', 'religion3', '12342134;12342134;12342134;12342134;12342134;12342134;12342134;12342134;12342134;12342134;12342134;12342134;12342134'),
(107, 'Emil', 'Mandel', '6b', 'religion1', '12342134;12342134;12342134;12342134;12342134;12342134;12342134;12342134;12342134;12342134;12342134;12342134;12342134'),
(108, 'Patricio', 'Kirchhoff', '6b', 'religion2', '12342134;12342134;12342134;12342134;12342134;12342134;12342134;12342134;12342134;12342134;12342134;12342134;12342134'),
(109, 'Roman', 'Oberniehaus', '6c', 'religion2', '12342134;12342134;12342134;12342134;12342134;12342134;12342134;12342134;12342134;12342134;12342134;12342134;12342134'),
(110, 'Stefan', 'Mitschke', '6c', 'religion1', '12342134;12342134;12342134;12342134;12342134;12342134;12342134;12342134;12342134;12342134;12342134;12342134;12342134'),
(111, 'Lucia', 'Fehl', '6c', 'religion2', '12342134;12342134;12342134;12342134;12342134;12342134;12342134;12342134;12342134;12342134;12342134;12342134;12342134'),
(112, 'Regina', 'Weyler', '6c', 'religion1', '12342134;12342134;12342134;12342134;12342134;12342134;12342134;12342134;12342134;12342134;12342134;12342134;12342134'),
(113, 'Margarete', 'Glanz', '6c', 'religion1', '12342134;12342134;12342134;12342134;12342134;12342134;12342134;12342134;12342134;12342134;12342134;12342134;12342134'),
(114, 'Sabrina', 'Eggleston', '6c', 'religion2', '12342134;12342134;12342134;12342134;12342134;12342134;12342134;12342134;12342134;12342134;12342134;12342134;12342134'),
(115, 'Josefa', 'Seekt', '6c', 'religion2', '12342134;12342134;12342134;12342134;12342134;12342134;12342134;12342134;12342134;12342134;12342134;12342134;12342134'),
(116, 'Olga', 'Lammerbarth', '6c', 'religion1', '12342134;12342134;12342134;12342134;12342134;12342134;12342134;12342134;12342134;12342134;12342134;12342134;12342134'),
(117, 'Elisabeth', 'Henning', '6c', 'religion3', '12342134;12342134;12342134;12342134;12342134;12342134;12342134;12342134;12342134;12342134;12342134;12342134;12342134'),
(118, 'Werner', 'Strehlmann', '6c', 'religion1', '12342134;12342134;12342134;12342134;12342134;12342134;12342134;12342134;12342134;12342134;12342134;12342134;12342134'),
(119, 'Tobias', 'Speas', '6c', 'religion2', '12342134;12342134;12342134;12342134;12342134;12342134;12342134;12342134;12342134;12342134;12342134;12342134;12342134'),
(120, 'Paul', 'Kleekamp', '6c', 'religion3', '12342134;12342134;12342134;12342134;12342134;12342134;12342134;12342134;12342134;12342134;12342134;12342134;12342134'),
(121, 'Tom', 'Tillner', '6c', 'religion1', '12342134;12342134;12342134;12342134;12342134;12342134;12342134;12342134;12342134;12342134;12342134;12342134;12342134'),
(122, 'Jürgen', 'Kalmey', '6c', 'religion2', '12342134;12342134;12342134;12342134;12342134;12342134;12342134;12342134;12342134;12342134;12342134;12342134;12342134'),
(123, 'Tim', 'Heibel', '6d', 'religion2', '12342134;12342134;12342134;12342134;12342134;12342134;12342134;12342134;12342134;12342134;12342134;12342134;12342134'),
(124, 'Matheo', 'Heckmann', '6d', 'religion1', '12342134;12342134;12342134;12342134;12342134;12342134;12342134;12342134;12342134;12342134;12342134;12342134;12342134'),
(125, 'Tim', 'Ruff', '6d', 'religion2', '12342134;12342134;12342134;12342134;12342134;12342134;12342134;12342134;12342134;12342134;12342134;12342134;12342134'),
(126, 'Mike', 'Seppe', '6d', 'religion1', '12342134;12342134;12342134;12342134;12342134;12342134;12342134;12342134;12342134;12342134;12342134;12342134;12342134'),
(127, 'Axel', 'Schomburg', '6d', 'religion1', '12342134;12342134;12342134;12342134;12342134;12342134;12342134;12342134;12342134;12342134;12342134;12342134;12342134'),
(128, 'Andre', 'Bonker', '6d', 'religion2', '12342134;12342134;12342134;12342134;12342134;12342134;12342134;12342134;12342134;12342134;12342134;12342134;12342134'),
(129, 'Marina', 'Wieloch', '6d', 'religion2', '12342134;12342134;12342134;12342134;12342134;12342134;12342134;12342134;12342134;12342134;12342134;12342134;12342134'),
(130, 'Rebecca', 'Bechthold', '6d', 'religion1', '12342134;12342134;12342134;12342134;12342134;12342134;12342134;12342134;12342134;12342134;12342134;12342134;12342134'),
(131, 'Agnete', 'auf der Heide', '6d', 'religion3', '12342134;12342134;12342134;12342134;12342134;12342134;12342134;12342134;12342134;12342134;12342134;12342134;12342134'),
(132, 'Leonor', 'Broell', '6d', 'religion1', '12342134;12342134;12342134;12342134;12342134;12342134;12342134;12342134;12342134;12342134;12342134;12342134;12342134'),
(133, 'Florentine', 'Teske', '6d', 'religion2', '12342134;12342134;12342134;12342134;12342134;12342134;12342134;12342134;12342134;12342134;12342134;12342134;12342134'),
(134, 'Karla', 'Fink', '6d', 'religion3', '12342134;12342134;12342134;12342134;12342134;12342134;12342134;12342134;12342134;12342134;12342134;12342134;12342134'),
(135, 'Barbara', 'Williams', '6d', 'religion1', '12342134;12342134;12342134;12342134;12342134;12342134;12342134;12342134;12342134;12342134;12342134;12342134;12342134'),
(136, 'Marie', 'Karsting', '6d', 'religion2', '12342134;12342134;12342134;12342134;12342134;12342134;12342134;12342134;12342134;12342134;12342134;12342134;12342134'),
(137, 'Ilse', 'Allmyr', '6d', 'religion2', '12342134;12342134;12342134;12342134;12342134;12342134;12342134;12342134;12342134;12342134;12342134;12342134;12342134'),
(138, 'Marlene', 'Stiles', '6d', 'religion2', '12342134;12342134;12342134;12342134;12342134;12342134;12342134;12342134;12342134;12342134;12342134;12342134;12342134'),
(139, 'Natalie', 'Hering', '6d', 'religion1', '12342134;12342134;12342134;12342134;12342134;12342134;12342134;12342134;12342134;12342134;12342134;12342134;12342134'),
(140, 'Rabea', 'Kiel', '5c', 'religion2', '12342134;12342134;12342134;12342134;12342134;12342134;12342134;12342134;12342134;12342134;12342134;12342134;12342134');

--
-- Indizes der exportierten Tabellen
--

--
-- Indizes für die Tabelle `vb_fachzuweisung`
--
ALTER TABLE `vb_fachzuweisung`
 ADD PRIMARY KEY (`FZ_Row`);

--
-- Indizes für die Tabelle `vb_lehrer`
--
ALTER TABLE `vb_lehrer`
 ADD PRIMARY KEY (`L_ID`), ADD UNIQUE KEY `L_Nr` (`L_ID`);

--
-- Indizes für die Tabelle `vb_logindata`
--
ALTER TABLE `vb_logindata`
 ADD PRIMARY KEY (`Row`);

--
-- Indizes für die Tabelle `vb_schueler`
--
ALTER TABLE `vb_schueler`
 ADD PRIMARY KEY (`S_ID`), ADD UNIQUE KEY `S_Nr` (`S_ID`);

--
-- AUTO_INCREMENT für exportierte Tabellen
--

--
-- AUTO_INCREMENT für Tabelle `vb_fachzuweisung`
--
ALTER TABLE `vb_fachzuweisung`
MODIFY `FZ_Row` int(11) NOT NULL AUTO_INCREMENT,AUTO_INCREMENT=105;
--
-- AUTO_INCREMENT für Tabelle `vb_lehrer`
--
ALTER TABLE `vb_lehrer`
MODIFY `L_ID` int(11) NOT NULL AUTO_INCREMENT,AUTO_INCREMENT=14;
--
-- AUTO_INCREMENT für Tabelle `vb_logindata`
--
ALTER TABLE `vb_logindata`
MODIFY `Row` int(11) NOT NULL AUTO_INCREMENT,AUTO_INCREMENT=14;
--
-- AUTO_INCREMENT für Tabelle `vb_schueler`
--
ALTER TABLE `vb_schueler`
MODIFY `S_ID` int(11) NOT NULL AUTO_INCREMENT,AUTO_INCREMENT=141;
/*!40101 SET CHARACTER_SET_CLIENT=@OLD_CHARACTER_SET_CLIENT */;
/*!40101 SET CHARACTER_SET_RESULTS=@OLD_CHARACTER_SET_RESULTS */;
/*!40101 SET COLLATION_CONNECTION=@OLD_COLLATION_CONNECTION */;
